qr_hash,first_name,last_name,pref_name,pronouns,id,type
0fbede4d92aa4ca68eb6c612158dbf26,Charlie,Johnson,Charles,she/her,7619,organizer
51630e25d9c344d68319dccdbdf355c7,Morgan,Johnson,Morgan,ze/zir,5023,volunteer
827121c320754299aae900d7c1ebe35f,Jamie,Anderson,Jamie,they/them,6312,mentor
2d00c78410bd42afb106ae108922f8a6,Jamie,Thompson,Jamie,ze/zir,4740,hacker
1d1e8eb73188423d99df43f03fb1493d,Charlie,Moore,Charlie,she/her,3270,organizer
ec65efda38f3440fbed0cde97020ad28,Harper,Smith,Harper,they/them,7535,hacker
397e12f300ce4634b730a3497ff87004,Morgan,Johnson,Mory,xe/xem,6058,hacker
4c511651beea4105b159642b964d74fc,Casey,White,Casy,she/her,8574,judge
1cf2675a132d483e8aabdc47f104cc26,Jamie,Jackson,Jamie,ze/zir,2730,mentor
